{"cameraMode":{"drawMode":0,"name":"Shaded","section":"Shading Mode"},"sceneLighting":false,"audioPlay":false,"sceneViewState":{"m_AlwaysRefresh":false,"showFog":true,"showSkybox":false,"showFlares":true,"showImageEffects":true,"showParticleSystems":true,"showVisualEffectGraphs":true,"m_FxEnabled":true},"in2DMode":false,"pivot":{"x":1.6073530912399293,"y":1.6356730461120606,"z":0.06588299572467804},"rotation":{"x":-0.1653505116701126,"y":0.7691770195960999,"z":-0.22060495615005494,"w":-0.5765186548233032},"size":0.5408326983451843,"orthographic":false}